<?xml version="1.1" encoding="UTF-8"?>
<expression:EMFExpression xmi:version="2.0" xmlns:xmi="http://www.omg.org/XMI" xmlns:expression="http:///expression.ecore" id="tMap_1=>" expression="TalendDate.parseDate(&quot;dd-MM-yyyy&quot;,row1.DateVente)">
  <variables name="row1.id_art" value="null" talendType="id_Integer" nullable="true"/>
  <variables name="row1.id_adress" value="null" talendType="id_Integer" nullable="true"/>
  <variables name="row1.id_categorie" value="null" talendType="id_Integer" nullable="true"/>
  <variables name="row1.DateVente" value="null" talendType="id_String" nullable="true"/>
  <variables name="row1.prixVenteUt" value="null" talendType="id_Integer" nullable="true"/>
  <variables name="row1.quantiteVent" value="null" talendType="id_Integer" nullable="true"/>
  <variables name="row1.montantVent" value="null" talendType="id_Integer" nullable="true"/>
  <variables name="String.valueOf(row1.id_art) " value="null" talendType="id_String"/>
  <variables name="String.valueOf(row1.id_adress) " value="null" talendType="id_String"/>
  <variables name="String.valueOf(row1.id_categorie) " value="null" talendType="id_String"/>
  <variables name="TalendDate.formatDate(&quot;yyyy-MM-dd HH:mm:ss&quot;,row1.DateVente) " value="null" talendType="id_String"/>
  <variables name="TalendDate.parseDate(&quot;dd-MM-yyyy&quot;,row1.DateVente) " value="null" talendType="id_Date"/>
  <variables name="TalendDate.parseDate(&quot;yyyy-MM-dd&quot;,row1.DateVente) " value="null" talendType="id_Date"/>
</expression:EMFExpression>
